sym,ein,entry,xout,exit,qty,net,retpct,reason
KIOCL,2021-07-02,277.2741321167952,2021-08-03,295.2200354307599,360,6113.009436880405,6.124113215855117,ROTATION
PNBHOUSING,2021-07-02,556.2690264349011,2021-09-02,535.6267479748919,179,-4026.0880310524,-4.043387432421221,ROTATION
BLUEDART,2021-07-02,5731.946111805376,2021-10-04,6298.040511111079,17,9278.88509570564,9.522363952645595,ROTATION
GRAPHITE,2021-07-02,613.0701390539361,2021-11-03,479.0217399864678,163,-22154.273702949435,-22.169696569855173,ROTATION
ASTRAL,2021-07-02,1503.9674278183302,2021-11-03,1654.8698941446373,66,9608.466090432059,9.679918385146461,ROTATION
HEG,2021-07-02,415.26968815339336,2021-12-06,336.2662906940395,240,-19268.782085572253,-19.333602792015306,ROTATION
INDIANB,2021-11-03,151.58182401329233,2021-12-06,124.91385324198085,445,-12082.313212474286,-17.911953377489848,ROTATION
ADANIPOWER,2021-07-02,20.489999771118164,2022-01-04,20.5,4880,-289.42069142442165,-0.28944616591997235,ROTATION
TATACHEM,2021-09-02,785.1398557815954,2022-02-03,898.0737715801185,127,13983.32423184556,14.023605399801605,ROTATION
ADANIENSOL,2021-07-02,956.2000122070312,2022-03-07,2272.800048828125,104,136379.6678082359,137.14107330618305,MKT_GATE
RPOWER,2021-07-02,13.649999618530273,2022-03-07,12.399999618530273,7326,-9481.606879154184,-9.481616625748543,MKT_GATE
JSWENERGY,2021-07-02,170.46083173834074,2022-03-07,310.0008962999145,586,81307.03901598266,81.39653662539669,MKT_GATE
RELINFRA,2021-08-03,79.80000305175781,2022-03-07,101.80000305175781,1308,28379.50916392414,27.189062180124008,MKT_GATE
NATIONALUM,2021-10-04,76.20256112702677,2022-03-07,103.78323731361031,1409,38439.55043735989,35.80121277425239,MKT_GATE
TATAPOWER,2021-11-03,222.3318797247309,2022-03-07,209.76530514084985,536,-7125.28568652579,-5.979099111413719,MKT_GATE
SOLARINDS,2021-12-06,2733.6390153297166,2022-03-07,2253.6871996498376,41,-20024.89439109858,-17.866735716770123,MKT_GATE
LTTS,2021-12-06,5126.434760986479,2022-03-07,4304.8293280122325,4,-3363.3818051791222,-16.40214867638298,MKT_GATE
SKFINDIA,2022-01-04,3577.5139122253545,2022-03-07,3080.2065742376813,28,-14241.938394823239,-14.217712898887882,MKT_GATE
SRF,2022-02-03,2445.1147610012627,2022-03-07,2163.5561219000133,47,-13599.182218504306,-11.833567370182784,MKT_GATE
RELINFRA,2022-04-06,132.0,2022-05-10,113.30000305175781,907,-17336.57630399245,-14.48045195950056,MKT_GATE
RPOWER,2022-04-06,15.550000190734863,2022-05-10,13.75,7703,-14246.021701333506,-11.893325502356264,MKT_GATE
JSWENERGY,2022-04-06,330.420688883008,2022-05-10,273.40119621256366,362,-21010.72188039671,-17.56568826670594,MKT_GATE
TATAPOWER,2022-04-06,266.7499310464098,2022-05-10,222.28357659371585,449,-20336.607186314843,-16.97961517585154,MKT_GATE
ADANIENSOL,2022-04-06,2443.85009765625,2022-05-10,2703.0,49,12277.023394657996,10.252326772843068,MKT_GATE
SOLARINDS,2022-04-06,3020.8151303777913,2022-05-10,2964.820599398018,39,-2576.0047568736736,-2.1865424122839756,MKT_GATE
INDHOTEL,2022-04-06,231.54387672187121,2022-05-10,236.1747808170055,517,1988.8155417857547,1.6613864406961807,MKT_GATE
NATIONALUM,2022-04-06,103.32748817516347,2022-05-10,78.71781853448508,1159,-28880.629705312753,-24.116115222338095,MKT_GATE
SRF,2022-04-06,2667.398018520568,2022-05-10,2252.4691853537106,44,-18622.956714530064,-15.867486340642495,MKT_GATE
MPHASIS,2022-04-06,3029.757539786275,2022-05-10,2416.4834686262025,39,-24277.642481386774,-20.546319142514758,MKT_GATE
MRPL,2022-08-05,70.87013470921343,2022-10-10,58.72097125945125,1502,-18578.96054488223,-17.45372871934609,ROTATION
ADANIENSOL,2022-08-05,3539.800048828125,2022-12-09,2704.89990234375,30,-25366.661607566646,-23.887094617076325,ROTATION
ADANIPOWER,2022-08-05,69.13999938964844,2023-01-09,57.38999938964844,1540,-18426.244497672284,-17.305603030492257,ROTATION
RELINFRA,2022-08-05,122.0,2023-01-09,132.5500030517578,872,8826.722658767112,8.297039647660467,ROTATION
PCJEWELLER,2022-08-05,5.380000114440918,2023-02-08,3.7149999141693115,19792,-33262.119447487516,-31.237621016894312,ROTATION
INDHOTEL,2022-08-05,266.4105112404503,2023-03-10,317.3434100159391,399,19932.537539699322,18.751600378953654,ROTATION
SOLARINDS,2022-08-05,3004.7700535286936,2023-03-10,3737.276421682081,35,25243.512094492587,24.003274455321005,ROTATION
KRBL,2023-02-08,366.39488713530125,2023-04-13,336.4313462470425,200,-6235.5700109066165,-8.509357294339049,ROTATION
TVSMOTOR,2022-08-05,919.7034512554765,2023-06-14,1331.4512102683682,115,46921.49493502717,44.36353901663031,ROTATION
TIINDIA,2022-08-05,2200.618236984529,2023-06-14,2815.276782012533,48,29101.969389648122,27.55094085659279,ROTATION
BANKINDIA,2023-01-09,83.77614008513673,2023-07-14,71.12834167480469,982,-12682.093127513624,-15.415552813179675,ROTATION
VBL,2022-10-10,219.68429734998605,2023-08-14,337.73601051673853,410,48020.66915043361,53.31449935502091,ROTATION
HAL,2022-08-05,954.43533482273,2023-09-13,1918.7177156879366,111,106513.58974929583,100.53922509182055,ROTATION
APOLLOTYRE,2023-04-13,312.5070455209312,2023-09-13,367.67980382349583,340,18371.596917791278,17.29052491973975,ROTATION
CIEINDIA,2023-03-10,370.92591591922,2023-10-16,443.59477704099044,293,20893.11676991748,19.224206966214183,ROTATION
IDFCFIRSTB,2023-06-14,75.00450449890734,2023-10-16,90.15491336284823,1676,24932.060729969697,19.833383771436008,ROTATION
INDIANB,2022-12-09,268.6986527465541,2023-11-16,416.67199263245715,301,44194.99541575983,54.64382712531711,ROTATION
UNIONBANK,2023-01-09,72.173794452055,2023-11-16,103.16390644309648,1677,51484.61856336262,42.53680815109002,ROTATION
RBLBANK,2023-06-14,175.04199638773648,2023-11-16,249.54983836294028,718,52993.51936174642,42.16538405263438,ROTATION
HUDCO,2023-10-16,85.10939368366162,2023-11-16,77.11568429348807,1815,-15000.007680087921,-9.71040526042107,ROTATION
CENTRALBK,2023-10-16,46.553011015830634,2023-12-18,47.08311385640313,3319,1242.8792090097845,0.8044033946149961,ROTATION
PNBHOUSING,2023-11-16,790.9693627256299,2023-12-18,798.4313383220066,201,969.3019536306394,0.6096819935780113,ROTATION
FINCABLES,2023-03-10,770.6040129696577,2024-01-17,1029.305471324118,141,36054.80280071855,33.18277831129855,ROTATION
EDELWEISS,2023-12-18,69.51118564755427,2024-02-19,72.1940702031013,1892,4628.488368083792,3.5193572010060086,ROTATION
ENGINERSIN,2023-08-14,142.8313227737369,2024-04-24,201.06070503068133,966,55702.62318695894,40.371516472152635,ROTATION
NLCINDIA,2024-01-17,215.5726090547465,2024-06-26,227.35228427048946,671,7409.964320018785,5.122712922615709,ROTATION
THOMASCOOK,2023-11-16,156.44660235798773,2024-08-27,225.90352963128743,989,68072.84714432075,43.995827236063796,ROTATION
SJVN,2023-11-16,72.43869458072703,2024-09-25,126.02768337441006,2196,116972.09137990368,73.53249529066838,ROTATION
MRPL,2023-11-16,114.5010741153057,2024-09-25,177.60309499427282,1389,86985.6235932933,54.69349479899653,ROTATION
PFC,2023-07-14,162.2706677158292,2024-10-25,424.4058127312981,650,169770.26888909907,160.95640249508526,ROTATION
RECLTD,2023-09-13,220.9529156462403,2024-10-25,482.3793322946143,660,171790.51564056723,117.80277227850853,ROTATION
HUDCO,2024-02-19,187.71089789153942,2024-10-25,195.7836771591418,725,5389.299014503464,3.960087541837277,ROTATION
NBCC,2024-04-24,88.82888300175053,2024-10-25,90.80497760409496,2180,3661.3202967973843,1.8907191743798635,ROTATION
PRESTIGE,2023-12-18,1130.5133439712888,2024-11-27,1652.0983612034772,163,84278.00732433543,45.73523987815754,ROTATION
HAL,2024-10-25,4121.5488558457955,2024-11-27,4294.261606316748,13,2053.2271068938826,3.832067802863236,ROTATION
GVTANDD,2023-09-13,327.11006015740094,2024-12-27,2064.217971843485,446,773073.8802963783,529.8979513369043,MKT_GATE
TRENT,2024-06-26,5334.033688658289,2024-12-27,7086.431001521579,28,48494.53387658393,32.46975440241504,MKT_GATE
PCJEWELLER,2024-08-27,12.140000343322754,2024-12-27,17.690000534057617,18565,102135.26398538104,45.317095106407805,MKT_GATE
JUBLPHARMA,2024-09-25,1193.698758659424,2024-12-27,1065.5464132657664,258,-34020.87473628312,-11.04666102820428,MKT_GATE
TORNTPOWER,2024-09-25,1855.7907427407154,2024-12-27,1433.9472612674483,115,-49141.12758105672,-23.02598795420637,MKT_GATE
NATIONALUM,2024-10-25,207.30126140367426,2024-12-27,204.3621055810401,1406,-5081.268525112549,-1.7433511833010271,MKT_GATE
GLENMARK,2024-10-25,1675.3905398812167,2024-12-27,1537.6782217051764,174,-24880.46501593452,-8.534796804011748,MKT_GATE
VOLTAS,2024-10-25,1787.3762159990335,2024-12-27,1696.5204509676082,163,-15741.505629104027,-5.403096074672988,MKT_GATE
BBTC,2024-11-27,2476.3651430790496,2024-12-27,2092.3434661673264,118,-46202.51067494572,-15.811347600713438,MKT_GATE
NATCOPHARM,2024-11-27,1352.6895769004907,2024-12-27,1355.2699438950112,26,-62.27693088501108,-0.17707437193305375,MKT_GATE
JUBLFOOD,2025-05-02,713.7556024352766,2025-06-02,653.860045116476,419,-26037.33311010057,-8.706286333304886,ROTATION
GLAXO,2025-05-02,2825.5956817838146,2025-06-02,3216.1318084676514,106,40352.13781846979,13.472576699895592,ROTATION
AVANTIFEED,2025-05-02,862.2800569348533,2025-07-01,729.5911897895412,347,-46952.42805364779,-15.692070093060895,ROTATION
INDHOTEL,2025-05-02,783.7446014008763,2025-07-01,755.6347388839805,382,-11702.172851482475,-3.908666201902939,ROTATION
GODREJIND,2025-05-02,1072.9000244140625,2025-07-30,1121.0,279,12418.741296220194,4.148719967965816,ROTATION
EDELWEISS,2025-07-01,114.88213683039073,2025-07-30,104.42036432894228,1722,-18640.91501097693,-9.42283473816399,ROTATION
RPOWER,2025-05-02,40.75,2025-09-01,44.5,7352,26546.288964692,8.860754542711803,ROTATION
DIVISLAB,2025-05-02,6052.441093017518,2025-09-01,6131.5,49,2896.323932719398,0.9766084589628222,ROTATION
JUBLPHARMA,2025-06-02,1168.805184715654,2025-09-01,1023.0999755859375,255,-38074.11685907438,-12.7746064224358,ROTATION
RELINFRA,2025-07-01,412.0,2025-09-01,268.45001220703125,833,-120515.30495692011,-35.115591369631375,ROTATION
PCJEWELLER,2025-07-30,15.149999618530273,2025-09-01,13.109999656677246,11642,-24297.488827043977,-13.775937832261532,ROTATION
BAJAJHLDNG,2025-05-02,11767.626940623824,2025-09-30,12415.723187311178,25,15213.570285315569,5.171329907747422,ROTATION
JMFINANCIL,2025-07-30,159.80073313832847,2025-09-30,158.5816209555549,1969,-3426.611210254692,-1.0890312641788626,ROTATION
MFSL,2025-06-02,1502.699951171875,2025-10-31,1556.199951171875,220,10670.665358108183,3.227725156789437,ROTATION
COROMANDEL,2025-05-02,2226.731650527435,2025-12-02,2394.6607877765377,134,21490.483653734118,7.2023381733760035,ROTATION
SOLARINDS,2025-05-02,13142.134166042973,2025-12-02,13285.0,22,2190.5921908566447,0.7576575543486965,ROTATION
NAMINDIA,2025-09-01,775.8396424247571,2025-12-02,848.4862414677166,374,26177.11939904139,9.021490270805216,ROTATION
ADANIPOWER,2025-09-30,148.0,2026-01-01,143.25,1940,-10142.00409565,-3.5323224072339094,ROTATION
GVTANDD,2025-09-01,2779.0,2026-02-03,3400.0,104,63537.514192784,21.98408191684336,MKT_GATE
KRBL,2025-09-01,428.70214837605874,2026-02-03,396.20001220703125,677,-22921.329760809436,-7.897606309352597,MKT_GATE
MUTHOOTFIN,2025-09-01,2641.7627803483133,2026-02-03,3693.7673811764625,110,114590.37832784964,39.433166362273056,MKT_GATE
INDIANB,2025-09-01,639.4774075951943,2026-02-03,856.7489287456444,157,33719.768065107666,33.586111130816505,MKT_GATE
MANAPPURAM,2025-09-30,282.75208693812317,2026-02-03,289.04996290739,1015,5441.771670106152,1.8961315041655653,MKT_GATE
RBLBANK,2025-10-31,324.45001220703125,2026-02-03,304.20001220703125,901,-19175.16882882715,-6.559437684908274,MKT_GATE
AUBANK,2025-12-02,949.9500122070312,2026-02-03,985.0,312,9947.7821293897,3.3563784064069777,MKT_GATE
CUB,2025-12-02,210.75,2026-02-03,243.0,1410,44429.138183025,14.951377024986751,MKT_GATE
CANBK,2025-12-02,146.061748731312,2026-02-03,147.63001868046993,2035,2212.7689470503383,0.7444493560983788,MKT_GATE
TVSMOTOR,2026-01-01,3723.983621524885,2026-02-03,3803.4058270440196,82,5502.656600616856,1.80198344354499,MKT_GATE
