no,sym,entry_date,entry_px,exit_date,exit_px,qty,buy_value,sell_value,gross_pnl,stt,stamp,exch_gst,slippage,total_cost,net_pnl,net_pct,dp_flat_note,exit_reason
1,KIOCL,2021-07-02,277.27,2021-08-03,295.22,3.6065,1000.0,1064.72,64.72,2.06,0.15,0.07,1.03,3.32,61.4,6.14,15.93,ROTATION
2,PNBHOUSING,2021-07-02,556.27,2021-09-02,535.63,1.7977,1000.0,962.89,-37.11,1.96,0.15,0.07,0.98,3.17,-40.27,-4.03,15.93,ROTATION
3,BLUEDART,2021-07-02,5731.95,2021-10-04,6298.04,0.1745,1000.0,1098.76,98.76,2.1,0.15,0.08,1.05,3.37,95.39,9.54,15.93,ROTATION
4,GRAPHITE,2021-07-02,613.07,2021-11-03,479.02,1.6311,1000.0,781.35,-218.65,1.78,0.15,0.06,0.89,2.89,-221.54,-22.15,15.93,ROTATION
5,ASTRAL,2021-07-02,1503.97,2021-11-03,1654.87,0.6649,1000.0,1100.34,100.34,2.1,0.15,0.08,1.05,3.38,96.96,9.7,15.93,ROTATION
6,HEG,2021-07-02,415.27,2021-12-06,336.27,2.4081,1000.0,809.75,-190.25,1.81,0.15,0.07,0.9,2.93,-193.18,-19.32,15.93,ROTATION
7,INDIANB,2021-11-03,151.58,2021-12-06,124.91,6.5971,1000.0,824.07,-175.93,1.82,0.15,0.07,0.91,2.95,-178.88,-17.89,15.93,ROTATION
8,ADANIPOWER,2021-07-02,20.49,2022-01-04,20.5,48.8043,1000.0,1000.49,0.49,2.0,0.15,0.07,1.0,3.22,-2.74,-0.27,15.93,ROTATION
9,TATACHEM,2021-09-02,785.14,2022-02-03,898.07,1.2737,1000.0,1143.84,143.84,2.14,0.15,0.08,1.07,3.44,140.4,14.04,15.93,ROTATION
10,ADANIENSOL,2021-07-02,956.2,2022-03-07,2272.8,1.0458,1000.0,2376.91,1376.91,3.38,0.15,0.12,1.69,5.34,1371.57,137.16,15.93,MKT_GATE
11,RPOWER,2021-07-02,13.65,2022-03-07,12.4,73.2601,1000.0,908.42,-91.58,1.91,0.15,0.07,0.95,3.08,-94.66,-9.47,15.93,MKT_GATE
12,JSWENERGY,2021-07-02,170.46,2022-03-07,310.0,5.8665,1000.0,1818.6,818.6,2.82,0.15,0.1,1.41,4.48,814.12,81.41,15.93,MKT_GATE
13,RELINFRA,2021-08-03,79.8,2022-03-07,101.8,12.5313,1000.0,1275.69,275.69,2.28,0.15,0.08,1.14,3.65,272.04,27.2,15.93,MKT_GATE
14,NATIONALUM,2021-10-04,76.2,2022-03-07,103.78,13.1229,1000.0,1361.94,361.94,2.36,0.15,0.09,1.18,3.78,358.16,35.82,15.93,MKT_GATE
15,TATAPOWER,2021-11-03,222.33,2022-03-07,209.77,4.4978,1000.0,943.48,-56.52,1.94,0.15,0.07,0.97,3.14,-59.66,-5.97,15.93,MKT_GATE
16,SOLARINDS,2021-12-06,2733.64,2022-03-07,2253.69,0.3658,1000.0,824.43,-175.57,1.82,0.15,0.07,0.91,2.95,-178.53,-17.85,15.93,MKT_GATE
17,LTTS,2021-12-06,5126.43,2022-03-07,4304.83,0.1951,1000.0,839.73,-160.27,1.84,0.15,0.07,0.92,2.98,-163.24,-16.32,15.93,MKT_GATE
18,SKFINDIA,2022-01-04,3577.51,2022-03-07,3080.21,0.2795,1000.0,860.99,-139.01,1.86,0.15,0.07,0.93,3.01,-142.02,-14.2,15.93,MKT_GATE
19,SRF,2022-02-03,2445.11,2022-03-07,2163.56,0.409,1000.0,884.85,-115.15,1.88,0.15,0.07,0.94,3.05,-118.2,-11.82,15.93,MKT_GATE
20,RELINFRA,2022-04-06,132.0,2022-05-10,113.3,7.5758,1000.0,858.33,-141.67,1.86,0.15,0.07,0.93,3.0,-144.67,-14.47,15.93,MKT_GATE
21,RPOWER,2022-04-06,15.55,2022-05-10,13.75,64.3087,1000.0,884.24,-115.76,1.88,0.15,0.07,0.94,3.04,-118.8,-11.88,15.93,MKT_GATE
22,JSWENERGY,2022-04-06,330.42,2022-05-10,273.4,3.0264,1000.0,827.43,-172.57,1.83,0.15,0.07,0.91,2.96,-175.52,-17.55,15.93,MKT_GATE
23,TATAPOWER,2022-04-06,266.75,2022-05-10,222.28,3.7488,1000.0,833.3,-166.7,1.83,0.15,0.07,0.92,2.97,-169.66,-16.97,15.93,MKT_GATE
24,ADANIENSOL,2022-04-06,2443.85,2022-05-10,2703.0,0.4092,1000.0,1106.04,106.04,2.11,0.15,0.08,1.05,3.39,102.66,10.27,15.93,MKT_GATE
25,SOLARINDS,2022-04-06,3020.82,2022-05-10,2964.82,0.331,1000.0,981.46,-18.54,1.98,0.15,0.07,0.99,3.19,-21.73,-2.17,15.93,MKT_GATE
26,INDHOTEL,2022-04-06,231.54,2022-05-10,236.17,4.3188,1000.0,1020.0,20.0,2.02,0.15,0.07,1.01,3.25,16.75,1.67,15.93,MKT_GATE
27,NATIONALUM,2022-04-06,103.33,2022-05-10,78.72,9.678,1000.0,761.83,-238.17,1.76,0.15,0.06,0.88,2.86,-241.03,-24.1,15.93,MKT_GATE
28,SRF,2022-04-06,2667.4,2022-05-10,2252.47,0.3749,1000.0,844.44,-155.56,1.84,0.15,0.07,0.92,2.98,-158.54,-15.85,15.93,MKT_GATE
29,MPHASIS,2022-04-06,3029.76,2022-05-10,2416.48,0.3301,1000.0,797.58,-202.42,1.8,0.15,0.07,0.9,2.91,-205.33,-20.53,15.93,MKT_GATE
30,MRPL,2022-08-05,70.87,2022-10-10,58.72,14.1103,1000.0,828.57,-171.43,1.83,0.15,0.07,0.91,2.96,-174.39,-17.44,15.93,ROTATION
31,ADANIENSOL,2022-08-05,3539.8,2022-12-09,2704.9,0.2825,1000.0,764.14,-235.86,1.76,0.15,0.06,0.88,2.86,-238.72,-23.87,15.93,ROTATION
32,ADANIPOWER,2022-08-05,69.14,2023-01-09,57.39,14.4634,1000.0,830.05,-169.95,1.83,0.15,0.07,0.92,2.96,-172.91,-17.29,15.93,ROTATION
33,RELINFRA,2022-08-05,122.0,2023-01-09,132.55,8.1967,1000.0,1086.48,86.48,2.09,0.15,0.08,1.04,3.36,83.12,8.31,15.93,ROTATION
34,PCJEWELLER,2022-08-05,5.38,2023-02-08,3.71,185.8736,1000.0,690.52,-309.48,1.69,0.15,0.06,0.85,2.75,-312.23,-31.22,15.93,ROTATION
35,INDHOTEL,2022-08-05,266.41,2023-03-10,317.34,3.7536,1000.0,1191.18,191.18,2.19,0.15,0.08,1.1,3.52,187.67,18.77,15.93,ROTATION
36,SOLARINDS,2022-08-05,3004.77,2023-03-10,3737.28,0.3328,1000.0,1243.78,243.78,2.24,0.15,0.08,1.12,3.6,240.18,24.02,15.93,ROTATION
37,KRBL,2023-02-08,366.39,2023-04-13,336.43,2.7293,1000.0,918.22,-81.78,1.92,0.15,0.07,0.96,3.1,-84.88,-8.49,15.93,ROTATION
38,TVSMOTOR,2022-08-05,919.7,2023-06-14,1331.45,1.0873,1000.0,1447.7,447.7,2.45,0.15,0.09,1.22,3.91,443.79,44.38,15.93,ROTATION
39,TIINDIA,2022-08-05,2200.62,2023-06-14,2815.28,0.4544,1000.0,1279.31,279.31,2.28,0.15,0.08,1.14,3.65,275.66,27.57,15.93,ROTATION
40,BANKINDIA,2023-01-09,83.78,2023-07-14,71.13,11.9366,1000.0,849.03,-150.97,1.85,0.15,0.07,0.92,2.99,-153.96,-15.4,15.93,ROTATION
41,VBL,2022-10-10,219.68,2023-08-14,337.74,4.552,1000.0,1537.37,537.37,2.54,0.15,0.09,1.27,4.05,533.32,53.33,15.93,ROTATION
42,HAL,2022-08-05,954.44,2023-09-13,1918.72,1.0477,1000.0,2010.32,1010.32,3.01,0.15,0.11,1.51,4.77,1005.54,100.55,15.93,ROTATION
43,APOLLOTYRE,2023-04-13,312.51,2023-09-13,367.68,3.1999,1000.0,1176.55,176.55,2.18,0.15,0.08,1.09,3.49,173.06,17.31,15.93,ROTATION
44,CIEINDIA,2023-03-10,370.93,2023-10-16,443.59,2.696,1000.0,1195.91,195.91,2.2,0.15,0.08,1.1,3.52,192.39,19.24,15.93,ROTATION
45,IDFCFIRSTB,2023-06-14,75.0,2023-10-16,90.15,13.3325,1000.0,1201.99,201.99,2.2,0.15,0.08,1.1,3.53,198.46,19.85,15.93,ROTATION
46,INDIANB,2022-12-09,268.7,2023-11-16,416.67,3.7216,1000.0,1550.7,550.7,2.55,0.15,0.09,1.28,4.07,546.64,54.66,15.93,ROTATION
47,UNIONBANK,2023-01-09,72.17,2023-11-16,103.16,13.8554,1000.0,1429.38,429.38,2.43,0.15,0.09,1.21,3.88,425.5,42.55,15.93,ROTATION
48,RBLBANK,2023-06-14,175.04,2023-11-16,249.55,5.7129,1000.0,1425.66,425.66,2.43,0.15,0.09,1.21,3.88,421.78,42.18,15.93,ROTATION
49,HUDCO,2023-10-16,85.11,2023-11-16,77.12,11.7496,1000.0,906.08,-93.92,1.91,0.15,0.07,0.95,3.08,-97.0,-9.7,15.93,ROTATION
50,CENTRALBK,2023-10-16,46.55,2023-12-18,47.08,21.4809,1000.0,1011.39,11.39,2.01,0.15,0.07,1.01,3.24,8.15,0.81,15.93,ROTATION
51,PNBHOUSING,2023-11-16,790.97,2023-12-18,798.43,1.2643,1000.0,1009.43,9.43,2.01,0.15,0.07,1.0,3.24,6.2,0.62,15.93,ROTATION
52,FINCABLES,2023-03-10,770.6,2024-01-17,1029.31,1.2977,1000.0,1335.71,335.71,2.34,0.15,0.08,1.17,3.74,331.97,33.2,15.93,ROTATION
53,EDELWEISS,2023-12-18,69.51,2024-02-19,72.19,14.3862,1000.0,1038.6,38.6,2.04,0.15,0.07,1.02,3.28,35.31,3.53,15.93,ROTATION
54,ENGINERSIN,2023-08-14,142.83,2024-04-24,201.06,7.0013,1000.0,1407.68,407.68,2.41,0.15,0.09,1.2,3.85,403.83,40.38,15.93,ROTATION
55,NLCINDIA,2024-01-17,215.57,2024-06-26,227.35,4.6388,1000.0,1054.64,54.64,2.05,0.15,0.07,1.03,3.31,51.34,5.13,15.93,ROTATION
56,THOMASCOOK,2023-11-16,156.45,2024-08-27,225.9,6.392,1000.0,1443.97,443.97,2.44,0.15,0.09,1.22,3.9,440.06,44.01,15.93,ROTATION
57,SJVN,2023-11-16,72.44,2024-09-25,126.03,13.8048,1000.0,1739.78,739.78,2.74,0.15,0.1,1.37,4.36,735.43,73.54,15.93,ROTATION
58,MRPL,2023-11-16,114.5,2024-09-25,177.6,8.7335,1000.0,1551.1,551.1,2.55,0.15,0.09,1.28,4.07,547.04,54.7,15.93,ROTATION
59,PFC,2023-07-14,162.27,2024-10-25,424.41,6.1625,1000.0,2615.42,1615.42,3.62,0.15,0.13,1.81,5.7,1609.72,160.97,15.93,ROTATION
60,RECLTD,2023-09-13,220.95,2024-10-25,482.38,4.5259,1000.0,2183.18,1183.18,3.18,0.15,0.12,1.59,5.04,1178.14,117.81,15.93,ROTATION
61,HUDCO,2024-02-19,187.71,2024-10-25,195.78,5.3273,1000.0,1043.01,43.01,2.04,0.15,0.07,1.02,3.29,39.72,3.97,15.93,ROTATION
62,NBCC,2024-04-24,88.83,2024-10-25,90.8,11.2576,1000.0,1022.25,22.25,2.02,0.15,0.07,1.01,3.26,18.99,1.9,15.93,ROTATION
63,PRESTIGE,2023-12-18,1130.51,2024-11-27,1652.1,0.8846,1000.0,1461.37,461.37,2.46,0.15,0.09,1.23,3.93,457.44,45.74,15.93,ROTATION
64,HAL,2024-10-25,4121.55,2024-11-27,4294.26,0.2426,1000.0,1041.9,41.9,2.04,0.15,0.07,1.02,3.29,38.62,3.86,15.93,ROTATION
65,GVTANDD,2023-09-13,327.11,2024-12-27,2064.22,3.0571,1000.0,6310.47,5310.47,7.31,0.15,0.26,3.66,11.38,5299.09,529.91,15.93,MKT_GATE
66,TRENT,2024-06-26,5334.03,2024-12-27,7086.43,0.1875,1000.0,1328.53,328.53,2.33,0.15,0.08,1.16,3.73,324.8,32.48,15.93,MKT_GATE
67,PCJEWELLER,2024-08-27,12.14,2024-12-27,17.69,82.3723,1000.0,1457.17,457.17,2.46,0.15,0.09,1.23,3.92,453.24,45.32,15.93,MKT_GATE
68,JUBLPHARMA,2024-09-25,1193.7,2024-12-27,1065.55,0.8377,1000.0,892.64,-107.36,1.89,0.15,0.07,0.95,3.06,-110.41,-11.04,15.93,MKT_GATE
69,TORNTPOWER,2024-09-25,1855.79,2024-12-27,1433.95,0.5389,1000.0,772.69,-227.31,1.77,0.15,0.06,0.89,2.87,-230.19,-23.02,15.93,MKT_GATE
70,NATIONALUM,2024-10-25,207.3,2024-12-27,204.36,4.8239,1000.0,985.82,-14.18,1.99,0.15,0.07,0.99,3.2,-17.38,-1.74,15.93,MKT_GATE
71,GLENMARK,2024-10-25,1675.39,2024-12-27,1537.68,0.5969,1000.0,917.8,-82.2,1.92,0.15,0.07,0.96,3.1,-85.29,-8.53,15.93,MKT_GATE
72,VOLTAS,2024-10-25,1787.38,2024-12-27,1696.52,0.5595,1000.0,949.17,-50.83,1.95,0.15,0.07,0.97,3.14,-53.98,-5.4,15.93,MKT_GATE
73,BBTC,2024-11-27,2476.37,2024-12-27,2092.34,0.4038,1000.0,844.93,-155.07,1.84,0.15,0.07,0.92,2.98,-158.06,-15.81,15.93,MKT_GATE
74,NATCOPHARM,2024-11-27,1352.69,2024-12-27,1355.27,0.7393,1000.0,1001.91,1.91,2.0,0.15,0.07,1.0,3.23,-1.32,-0.13,15.93,MKT_GATE
75,JUBLFOOD,2025-05-02,713.76,2025-06-02,653.86,1.401,1000.0,916.08,-83.92,1.92,0.15,0.07,0.96,3.09,-87.01,-8.7,15.93,ROTATION
76,GLAXO,2025-05-02,2825.6,2025-06-02,3216.13,0.3539,1000.0,1138.21,138.21,2.14,0.15,0.08,1.07,3.43,134.78,13.48,15.93,ROTATION
77,AVANTIFEED,2025-05-02,862.28,2025-07-01,729.59,1.1597,1000.0,846.12,-153.88,1.85,0.15,0.07,0.92,2.99,-156.87,-15.69,15.93,ROTATION
78,INDHOTEL,2025-05-02,783.74,2025-07-01,755.63,1.2759,1000.0,964.13,-35.87,1.96,0.15,0.07,0.98,3.17,-39.03,-3.9,15.93,ROTATION
79,GODREJIND,2025-05-02,1072.9,2025-07-30,1121.0,0.9321,1000.0,1044.83,44.83,2.04,0.15,0.07,1.02,3.29,41.54,4.15,15.93,ROTATION
80,EDELWEISS,2025-07-01,114.88,2025-07-30,104.42,8.7046,1000.0,908.93,-91.07,1.91,0.15,0.07,0.95,3.08,-94.15,-9.41,15.93,ROTATION
81,RPOWER,2025-05-02,40.75,2025-09-01,44.5,24.5399,1000.0,1092.02,92.02,2.09,0.15,0.08,1.05,3.36,88.66,8.87,15.93,ROTATION
82,DIVISLAB,2025-05-02,6052.44,2025-09-01,6131.5,0.1652,1000.0,1013.06,13.06,2.01,0.15,0.07,1.01,3.24,9.82,0.98,15.93,ROTATION
83,JUBLPHARMA,2025-06-02,1168.81,2025-09-01,1023.1,0.8556,1000.0,875.34,-124.66,1.88,0.15,0.07,0.94,3.03,-127.69,-12.77,15.93,ROTATION
84,RELINFRA,2025-07-01,412.0,2025-09-01,268.45,2.4272,1000.0,651.58,-348.42,1.65,0.15,0.06,0.83,2.69,-351.11,-35.11,15.93,ROTATION
85,PCJEWELLER,2025-07-30,15.15,2025-09-01,13.11,66.0066,1000.0,865.35,-134.65,1.87,0.15,0.07,0.93,3.02,-137.67,-13.77,15.93,ROTATION
86,BAJAJHLDNG,2025-05-02,11767.63,2025-09-30,12415.72,0.085,1000.0,1055.07,55.07,2.06,0.15,0.07,1.03,3.31,51.77,5.18,15.93,ROTATION
87,JMFINANCIL,2025-07-30,159.8,2025-09-30,158.58,6.2578,1000.0,992.37,-7.63,1.99,0.15,0.07,1.0,3.21,-10.84,-1.08,15.93,ROTATION
88,MFSL,2025-06-02,1502.7,2025-10-31,1556.2,0.6655,1000.0,1035.6,35.6,2.04,0.15,0.07,1.02,3.28,32.33,3.23,15.93,ROTATION
89,COROMANDEL,2025-05-02,2226.73,2025-12-02,2394.66,0.4491,1000.0,1075.42,75.42,2.08,0.15,0.08,1.04,3.34,72.08,7.21,15.93,ROTATION
90,SOLARINDS,2025-05-02,13142.13,2025-12-02,13285.0,0.0761,1000.0,1010.87,10.87,2.01,0.15,0.07,1.01,3.24,7.63,0.76,15.93,ROTATION
91,NAMINDIA,2025-09-01,775.84,2025-12-02,848.49,1.2889,1000.0,1093.64,93.64,2.09,0.15,0.08,1.05,3.37,90.27,9.03,15.93,ROTATION
92,ADANIPOWER,2025-09-30,148.0,2026-01-01,143.25,6.7568,1000.0,967.91,-32.09,1.97,0.15,0.07,0.98,3.17,-35.27,-3.53,15.93,ROTATION
93,GVTANDD,2025-09-01,2779.0,2026-02-03,3400.0,0.3598,1000.0,1223.46,223.46,2.22,0.15,0.08,1.11,3.57,219.9,21.99,15.93,MKT_GATE
94,KRBL,2025-09-01,428.7,2026-02-03,396.2,2.3326,1000.0,924.18,-75.82,1.92,0.15,0.07,0.96,3.11,-78.92,-7.89,15.93,MKT_GATE
95,MUTHOOTFIN,2025-09-01,2641.76,2026-02-03,3693.77,0.3785,1000.0,1398.22,398.22,2.4,0.15,0.09,1.2,3.83,394.39,39.44,15.93,MKT_GATE
96,INDIANB,2025-09-01,639.48,2026-02-03,856.75,1.5638,1000.0,1339.76,339.76,2.34,0.15,0.08,1.17,3.74,336.02,33.6,15.93,MKT_GATE
97,MANAPPURAM,2025-09-30,282.75,2026-02-03,289.05,3.5367,1000.0,1022.27,22.27,2.02,0.15,0.07,1.01,3.26,19.02,1.9,15.93,MKT_GATE
98,RBLBANK,2025-10-31,324.45,2026-02-03,304.2,3.0821,1000.0,937.59,-62.41,1.94,0.15,0.07,0.97,3.13,-65.54,-6.55,15.93,MKT_GATE
99,AUBANK,2025-12-02,949.95,2026-02-03,985.0,1.0527,1000.0,1036.9,36.9,2.04,0.15,0.07,1.02,3.28,33.62,3.36,15.93,MKT_GATE
100,CUB,2025-12-02,210.75,2026-02-03,243.0,4.745,1000.0,1153.02,153.02,2.15,0.15,0.08,1.08,3.46,149.57,14.96,15.93,MKT_GATE
101,CANBK,2025-12-02,146.06,2026-02-03,147.63,6.8464,1000.0,1010.74,10.74,2.01,0.15,0.07,1.01,3.24,7.5,0.75,15.93,MKT_GATE
102,TVSMOTOR,2026-01-01,3723.98,2026-02-03,3803.41,0.2685,1000.0,1021.33,21.33,2.02,0.15,0.07,1.01,3.26,18.07,1.81,15.93,MKT_GATE
